question_id,question,query_type,correct_verdict,verifier_verdict,caugag_full_refused,caugag_full_response,nogate_response
DIR_TRUE_PKC_Mek,Does PKC directly cause Mek?,direction,VERIFIED,VERIFIED,False,"Based on the causal graph, the answer is: 

Yes, PKC directly causes Mek.

The graph proof shows a directed path from PKC to Mek, indicating a direct causal relationship.","Yes, PKC directly causes Mek. This is evident from the known causal edge: PKC -> Mek."
DIR_TRUE_PKC_Raf,Is there a direct causal effect of PKC on Raf?,direction,VERIFIED,VERIFIED,False,"Yes, there is a direct causal effect of PKC on Raf. 

Causal relationship: PKC causes Raf.","Yes, there is a direct causal effect of PKC on Raf. This is stated in the known causal edges from the graph: PKC -> Raf."
DIR_TRUE_PKC_PIP2,Does PKC directly affect PIP2?,direction,VERIFIED,VERIFIED,False,"Yes, the causal graph has VERIFIED that PKC directly affects PIP2. 

Causal relationship: PKC causes PIP2. 

Directed path: PKC -> PIP2.","Yes, PKC directly affects PIP2. This is indicated by the causal edge ""PKC -> PIP2"" in the graph."
DIR_TRUE_PKC_JNK,Does PKC directly cause JNK?,direction,VERIFIED,VERIFIED,False,"Yes, the causal graph has VERIFIED that PKC directly causes JNK. 

Causal relationship: PKC -> JNK","Yes, PKC directly causes JNK. This is based on the known causal edge from the graph: PKC -> JNK."
DIR_TRUE_PKC_P38,Is there a direct causal effect of PKC on P38?,direction,VERIFIED,VERIFIED,False,"Yes, there is a direct causal effect of PKC on P38. 

Causal relationship: PKC causes P38.","Based on the given causal edges, there is a direct causal effect of PKC on P38. The edge PKC -> P38 indicates that PKC causes P38."
DIR_TRUE_PKA_Akt,Does PKA directly affect Akt?,direction,VERIFIED,VERIFIED,False,"Yes, the causal graph has VERIFIED that PKA directly affects Akt. 

Causal relationship: PKA causes Akt.","Yes, PKA directly affects Akt. This is indicated by the causal edge PKA -> Akt in the graph."
DIR_TRUE_PKA_Erk,Does PKA directly cause Erk?,direction,VERIFIED,VERIFIED,False,"The causal graph has VERIFIED that PKA causally affects Erk. 

Causal relationship: PKA directly causes Erk.","Based on the given causal edges, PKA directly causes Erk. The edge PKA -> Erk indicates a direct causal relationship between PKA and Erk."
DIR_TRUE_PKA_Raf,Is there a direct causal effect of PKA on Raf?,direction,VERIFIED,VERIFIED,False,"Yes, there is a direct causal effect of PKA on Raf. 

Causal relationship: PKA causes Raf.","Based on the given causal edges, there is a direct causal effect of PKA on Raf. The edge PKA -> Raf indicates that PKA causes Raf."
DIR_TRUE_PKA_Mek,Does PKA directly affect Mek?,direction,VERIFIED,VERIFIED,False,"Yes, the causal graph has verified that PKA directly affects Mek. 

Causal relationship: PKA causes Mek.","Yes, PKA directly affects Mek. This is because there is a known causal edge from PKA to Mek in the graph."
