question_id,question,query_type,correct_verdict,correct_answer,verifier_verdict,caugag_refused,caugag_response,vanilla_response,rag_response,graphrag_response
SYN_TRUE_0,Does Income directly cause InterestRate?,direction,VERIFIED,yes,VERIFIED,False,"Based on the causal graph, the answer is: Yes, Income directly causes InterestRate.

The graph shows a directed path from Income to InterestRate, indicating a direct causal relationship.","No, income does not directly cause interest rates. Interest rates are typically determined by a central bank or monetary authority, such as the Federal Reserve in the United States, based on factors like inflation, economic growth, unemployment, and monetary policy goals.

However, income can indirectly influence interest rates through its impact on inflation and economic growth. When income increases, it can lead to higher demand for goods and services, which can drive up prices and inflation. In response, central banks may raise interest rates to combat inflation and maintain price stability.

Additionally, income can also influence interest rates through its impact on borrowing and lending behavior. When income increases, people may be more likely to borrow money to finance consumption or investment, which can lead to higher demand for loans and higher interest rates.

So, while income does not directly cause interest rates, it can have an indirect impact on interest rates through its effects on inflation, economic growth, and borrowing behavior.","To determine if Income directly causes InterestRate, we need to examine the relationship between these two variables. However, based on the provided context, we can't directly infer causation from correlation.

But, let's consider a hypothetical scenario where we have a causal graph or a model that represents the relationships between Income and InterestRate. 

In this scenario, if there's a direct arrow from Income to InterestRate in the causal graph, it would imply that Income directly causes InterestRate. However, without this graph or more information, we can't make a definitive conclusion.

To establish causation, we would need to apply the backdoor criterion or d-separation to identify potential confounding variables or common causes that might affect the relationship between Income and InterestRate.

For example, if we have a variable Z (e.g., MonetaryPolicy) that affects both Income and InterestRate, and Z is not a descendant of Income, then Z would block the path between Income and InterestRate, and we could conclude that Income does not directly cause InterestRate.

In summary, without additional information or a causal graph, we can't determine if Income directly causes InterestRate.","Yes, Income directly causes InterestRate. This is a known causal relationship from the graph."
